slug,link,difficulty
two-sum,https://leetcode.com/problems/two-sum,Easy
longest-substring-without-repeating-characters,https://leetcode.com/problems/longest-substring-without-repeating-characters,Medium
longest-palindromic-substring,https://leetcode.com/problems/longest-palindromic-substring,Medium
container-with-most-water,https://leetcode.com/problems/container-with-most-water,Medium
3sum,https://leetcode.com/problems/3sum,Medium
remove-nth-node-from-end-of-list,https://leetcode.com/problems/remove-nth-node-from-end-of-list,Medium
valid-parentheses,https://leetcode.com/problems/valid-parentheses,Easy
merge-two-sorted-lists,https://leetcode.com/problems/merge-two-sorted-lists,Easy
merge-k-sorted-lists,https://leetcode.com/problems/merge-k-sorted-lists,Hard
search-in-rotated-sorted-array,https://leetcode.com/problems/search-in-rotated-sorted-array,Medium
combination-sum,https://leetcode.com/problems/combination-sum,Medium
rotate-image,https://leetcode.com/problems/rotate-image,Medium
group-anagrams,https://leetcode.com/problems/group-anagrams,Medium
maximum-subarray,https://leetcode.com/problems/maximum-subarray,Easy
spiral-matrix,https://leetcode.com/problems/spiral-matrix,Medium
jump-game,https://leetcode.com/problems/jump-game,Medium
merge-intervals,https://leetcode.com/problems/merge-intervals,Medium
insert-interval,https://leetcode.com/problems/insert-interval,Medium
unique-paths,https://leetcode.com/problems/unique-paths,Medium
climbing-stairs,https://leetcode.com/problems/climbing-stairs,Easy
set-matrix-zeroes,https://leetcode.com/problems/set-matrix-zeroes,Medium
minimum-window-substring,https://leetcode.com/problems/minimum-window-substring,Hard
word-search,https://leetcode.com/problems/word-search,Medium
decode-ways,https://leetcode.com/problems/decode-ways,Medium
validate-binary-search-tree,https://leetcode.com/problems/validate-binary-search-tree,Medium
same-tree,https://leetcode.com/problems/same-tree,Easy
binary-tree-level-order-traversal,https://leetcode.com/problems/binary-tree-level-order-traversal,Medium
maximum-depth-of-binary-tree,https://leetcode.com/problems/maximum-depth-of-binary-tree,Easy
construct-binary-tree-from-preorder-and-inorder-traversal,https://leetcode.com/problems/construct-binary-tree-from-preorder-and-inorder-traversal,Medium
best-time-to-buy-and-sell-stock,https://leetcode.com/problems/best-time-to-buy-and-sell-stock,Easy
binary-tree-maximum-path-sum,https://leetcode.com/problems/binary-tree-maximum-path-sum,Hard
valid-palindrome,https://leetcode.com/problems/valid-palindrome,Easy
longest-consecutive-sequence,https://leetcode.com/problems/longest-consecutive-sequence,Hard
clone-graph,https://leetcode.com/problems/clone-graph,Medium
word-break,https://leetcode.com/problems/word-break,Medium
linked-list-cycle,https://leetcode.com/problems/linked-list-cycle,Easy
reorder-list,https://leetcode.com/problems/reorder-list,Medium
maximum-product-subarray,https://leetcode.com/problems/maximum-product-subarray,Medium
find-minimum-in-rotated-sorted-array,https://leetcode.com/problems/find-minimum-in-rotated-sorted-array,Medium
reverse-bits,https://leetcode.com/problems/reverse-bits,Easy
number-of-1-bits,https://leetcode.com/problems/number-of-1-bits,Easy
house-robber,https://leetcode.com/problems/house-robber,Medium
number-of-islands,https://leetcode.com/problems/number-of-islands,Medium
reverse-linked-list,https://leetcode.com/problems/reverse-linked-list,Easy
course-schedule,https://leetcode.com/problems/course-schedule,Medium
implement-trie-prefix-tree,https://leetcode.com/problems/implement-trie-prefix-tree,Medium
design-add-and-search-words-data-structure,https://leetcode.com/problems/design-add-and-search-words-data-structure,Medium
word-search-ii,https://leetcode.com/problems/word-search-ii,Hard
house-robber-ii,https://leetcode.com/problems/house-robber-ii,Medium
contains-duplicate,https://leetcode.com/problems/contains-duplicate,Easy
invert-binary-tree,https://leetcode.com/problems/invert-binary-tree,Easy
kth-smallest-element-in-a-bst,https://leetcode.com/problems/kth-smallest-element-in-a-bst,Medium
lowest-common-ancestor-of-a-binary-search-tree,https://leetcode.com/problems/lowest-common-ancestor-of-a-binary-search-tree,Easy
lowest-common-ancestor-of-a-binary-tree,https://leetcode.com/problems/lowest-common-ancestor-of-a-binary-tree,Medium
product-of-array-except-self,https://leetcode.com/problems/product-of-array-except-self,Medium
valid-anagram,https://leetcode.com/problems/valid-anagram,Easy
meeting-rooms,https://leetcode.com/problems/meeting-rooms,Easy
meeting-rooms-ii,https://leetcode.com/problems/meeting-rooms-ii,Medium
graph-valid-tree,https://leetcode.com/problems/graph-valid-tree,Medium
missing-number,https://leetcode.com/problems/missing-number,Easy
alien-dictionary,https://leetcode.com/problems/alien-dictionary,Hard
encode-and-decode-strings,https://leetcode.com/problems/encode-and-decode-strings,Medium
find-median-from-data-stream,https://leetcode.com/problems/find-median-from-data-stream,Hard
longest-increasing-subsequence,https://leetcode.com/problems/longest-increasing-subsequence,Medium
coin-change,https://leetcode.com/problems/coin-change,Medium
number-of-connected-components-in-an-undirected-graph,https://leetcode.com/problems/number-of-connected-components-in-an-undirected-graph,Medium
counting-bits,https://leetcode.com/problems/counting-bits,Medium
top-k-frequent-elements,https://leetcode.com/problems/top-k-frequent-elements,Medium
sum-of-two-integers,https://leetcode.com/problems/sum-of-two-integers,Medium
pacific-atlantic-water-flow,https://leetcode.com/problems/pacific-atlantic-water-flow,Medium
longest-repeating-character-replacement,https://leetcode.com/problems/longest-repeating-character-replacement,Medium
non-overlapping-intervals,https://leetcode.com/problems/non-overlapping-intervals,Medium
serialize-and-deserialize-bst,https://leetcode.com/problems/serialize-and-deserialize-bst,Medium
subtree-of-another-tree,https://leetcode.com/problems/subtree-of-another-tree,Easy
palindromic-substrings,https://leetcode.com/problems/palindromic-substrings,Medium
longest-common-subsequence,https://leetcode.com/problems/longest-common-subsequence,Medium